SA2,SA2 NAME,Number of Jobs ('000)
101021007,Braidwood,3.6
101021008,Karabar,7.1
101021009,Queanbeyan,10.6
101021010,Queanbeyan - East,4.9
101021012,Queanbeyan West - Jerrabomberra,11.5
101021610,Googong,4.9
101021611,Queanbeyan Surrounds,14.4
101031013,Bombala,2.4
101031014,Cooma,5.6
101031015,Cooma Surrounds,3.2
101031016,Jindabyne - Berridale,8.7
101041017,Batemans Bay,5.8
101041018,Batemans Bay - South,5.9
101041019,Bega - Tathra,6.8
101041020,Bega-Eden Hinterland,7.6
101041021,Broulee - Tomakin,2.8
101041022,Deua - Wadbilliga,0
101041023,Eden,2.4
101041024,Eurobodalla Hinterland,2.7
101041025,Merimbula - Tura Beach,8.2
101041026,Moruya - Tuross Head,5.8
101041027,Narooma - Bermagui,6.1
101051539,Goulburn,19.1
101051540,Goulburn Surrounds,11.8
101061541,Yass,5.6
101061542,Yass Surrounds,12
101061543,Young,8.7
101061544,Young Surrounds,6.4
102011028,Avoca Beach - Copacabana,6.6
102011029,Box Head - MacMasters Beach,8.3
102011030,Calga - Kulnura,4.1
102011031,Erina - Green Point,10.2
102011032,Gosford - Springfield,17.6
102011033,Kariong,5.5
102011034,Kincumber - Picketts Valley,5.2
102011035,Narara,5.8
102011036,Niagara Park - Lisarow,6.7
102011037,Point Clare - Koolewong,4.8
102011038,Saratoga - Davistown,5.5
102011039,Terrigal - North Avoca,12.3
102011040,Umina - Booker Bay - Patonga,16.9
102011041,Wamberal - Forresters Beach,8.9
102011042,Woy Woy - Blackwall,9.8
102011043,Wyoming,8.1
102021044,Bateau Bay - Killarney Vale,16.3
102021045,Blue Haven - San Remo,8.4
102021046,Budgewoi - Buff Point - Halekulani,6.6
102021047,Chittaway Bay - Tumbi Umbi,12.5
102021048,Gorokan - Kanwal - Charmhaven,15.2
102021049,Jilliby - Yarramalong,3
102021050,Lake Munmorah - Mannering Park,6.8
102021051,Ourimbah - Fountaindale,4.2
102021052,Summerland Point - Gwandalan,4.6
102021053,The Entrance,13.9
102021054,Toukley - Norah Head,6.6
102021055,Tuggerah - Kangy Angy,4.5
102021056,Warnervale - Wadalba,15.3
102021057,Wyong,6.5
103011059,Bathurst - East,9.8
103011060,Bathurst Surrounds,6.3
103011061,Oberon,3.8
103011612,Bathurst - South,8
103011613,Bathurst - West,12
103021062,Condobolin,5.7
103021063,Cowra,7.1
103021064,Cowra Surrounds,4.6
103021065,Forbes,8.2
103021066,Grenfell,2.7
103021067,Parkes (NSW),8.6
103021068,Parkes Surrounds,2.9
103021069,West Wyalong,4.9
103031070,Lithgow,7.8
103031071,Lithgow Surrounds,6.3
103031072,Mudgee,10.9
103031073,Mudgee Surrounds - East,2.2
103031074,Mudgee Surrounds - West,9.2
103031075,Wollangambe - Wollemi,np
103041076,Blayney,6.4
103041077,Orange,15.3
103041078,Orange - North,19.6
103041079,Orange Surrounds,10.8
104011080,Grafton,12.8
104011081,Grafton Surrounds,11.6
104011082,Maclean - Yamba - Iluka,11.6
104021083,Bellingen,4.7
104021084,Coffs Harbour - North,14.4
104021085,Coffs Harbour - South,8.3
104021086,Coramba - Nana Glen - Bucca,3.6
104021087,Dorrigo,2.4
104021088,Korora - Emerald Beach,8.8
104021089,Sawtell - Boambee,15.7
104021090,Urunga,3.5
104021091,Woolgoolga - Arrawarra,13.3
105011092,Bourke - Brewarrina,3
105011093,Cobar,3.5
105011094,Coonamble,3.2
105011095,Nyngan - Warren,4.5
105011096,Walgett - Lightning Ridge,4.2
105021097,Broken Hill,12.7
105021098,Far West,1.4
105031099,Coonabarabran,5.8
105031100,Dubbo - East,9.7
105031101,Dubbo - South,17.5
105031102,Dubbo - West,8.7
105031103,Dubbo Surrounds,5.6
105031104,Gilgandra,3.5
105031105,Narromine,5.4
105031106,Wellington,6.5
106011107,Branxton - Greta - Pokolbin,10.8
106011108,Cessnock,15.6
106011109,Cessnock Surrounds,7
106011110,Dungog,7.5
106011111,Kurri Kurri - Abermain,14.9
106011112,Singleton,13.6
106011113,Singleton Surrounds,4.7
106021114,Maitland,7
106021116,Maitland - North,7.2
106021614,East Maitland - Metford,14.5
106021615,Rutherford (North) - Aberglasslyn,14
106021616,Rutherford (South) - Telarah,6.3
106021617,Tenambit - East Maitland,7.4
106021618,Thornton - Millers Forest,13.3
106031119,Anna Bay,4.8
106031120,Lemon Tree Passage - Tanilba Bay,4.3
106031121,Nelson Bay Peninsula,15.4
106031122,Raymond Terrace,10.3
106031123,Seaham - Woodville,5.1
106031124,Tea Gardens - Hawks Nest,2.8
106031125,Williamtown - Medowie - Karuah,11.3
106041126,Muswellbrook,9.4
106041127,Muswellbrook Surrounds,3.3
106041128,Scone,5.5
106041129,Scone Surrounds,7
107011131,Dapto - Avondale,17
107011132,Horsley - Kembla Grange,9.3
107011133,Port Kembla Industrial,0
107011134,Unanderra - Mount Kembla,11.5
107011545,Berkeley - Lake Heights - Cringila,9.2
107011546,Port Kembla - Warrawong,6.3
107011547,Windang - Primbee,2.7
107021135,Illawarra Catchment Reserve,0
107031136,Albion Park - Macquarie Pass,15
107031137,Albion Park Rail,5.1
107031138,Kiama,6
107031139,Kiama Downs - Minnamurra,4.6
107031140,Kiama Hinterland - Gerringong,6.4
107031141,Shellharbour - Flinders,15.3
107031142,Shellharbour - Oak Flats,7.8
107031143,Warilla,13.5
107041144,Balgownie - Fairy Meadow,16
107041145,Corrimal - Tarrawanna - Bellambi,11.8
107041146,Figtree - Keiraville,17.8
107041147,Helensburgh,7.7
107041148,Thirroul - Austinmer - Coalcliff,9.7
107041150,Woonona - Bulli - Russell Vale,15.8
107041548,Wollongong - East,13.6
107041549,Wollongong - West,14
108011151,Bulahdelah - Stroud,3.7
108011152,Forster,9.3
108011153,Forster-Tuncurry Surrounds,4.6
108011154,Tuncurry,3.5
108021155,Kempsey,9.2
108021156,Kempsey Surrounds,6.9
108021157,Macksville - Scotts Head,3.3
108021158,Nambucca Heads,3.9
108021159,Nambucca Heads Surrounds,5.9
108021160,South West Rocks,3.4
108031161,Lord Howe Island,np
108041162,Laurieton - Bonny Hills,11.5
108041164,Port Macquarie - West,14.2
108041165,Port Macquarie Surrounds,4.5
108041166,Wauchope,9.3
108041619,Port Macquarie - East,9.5
108041620,Port Macquarie - South,12.2
108051167,Gloucester,3.6
108051168,Old Bar - Manning Point - Red Head,8.2
108051169,Taree,12.5
108051170,Taree Surrounds,8.5
108051171,Wingham,3.5
109011172,Albury - East,14.9
109011173,Albury - North,8.4
109011174,Albury - South,9.2
109011175,Albury Surrounds,10.8
109011176,Lavington,12
109021177,Hay,2.8
109021178,Wentworth - Buronga,6.3
109021179,Wentworth-Balranald Region,3.3
109031180,Corowa,4.5
109031181,Corowa Surrounds,5.9
109031182,Deniliquin,6.2
109031183,Deniliquin Surrounds,5.1
109031184,Moama,5.1
109031185,Tocumwal - Finley - Jerilderie,7.9
110011186,Armidale,18.7
110011187,Armidale Surrounds - North,3.8
110011188,Armidale Surrounds - South,4.9
110011189,Walcha,2.9
110021190,Glen Innes,6.4
110021191,Inverell,8.6
110021192,Inverell Surrounds - East,3.6
110021193,Inverell Surrounds - West,4.2
110021194,Tenterfield,4.7
110031195,Moree,6.6
110031196,Moree Surrounds,4.2
110031197,Narrabri,6
110031198,Narrabri Surrounds,3.9
110041199,Gunnedah,7.7
110041200,Gunnedah Surrounds,3.8
110041201,Quirindi,6
110041202,Tamworth - East,17.1
110041203,Tamworth - North,13.5
110041204,Tamworth - West,4.8
110041205,Tamworth Surrounds,16.4
111011206,Belmont - Bennetts Green,13.2
111011207,Belmont South - Blacksmiths,4.1
111011208,Charlestown - Dudley,20.1
111011209,Glendale - Cardiff - Hillsborough,19.6
111011210,Mount Hutton - Windale,6
111011211,Redhead,2.7
111011212,Swansea - Caves Beach,8.7
111011213,Valentine - Eleebana,9.8
111011214,Warners Bay - Boolaroo,11.5
111021215,Bolton Point - Teralba,7.2
111021216,Bonnells Bay - Silverwater,7.2
111021217,Edgeworth - Cameron Park,12.8
111021218,Morisset - Cooranbong,12.9
111021219,Toronto - Awaba,9.8
111021220,Wangi Wangi - Rathmines,6.9
111021221,West Wallsend - Barnsley - Killingworth,5.7
111031222,Adamstown - Kotara,13.7
111031223,Beresfield - Hexham,6
111031224,Hamilton - Broadmeadow,10.9
111031225,Lambton - New Lambton,14.8
111031226,Maryland - Fletcher - Minmi,13.6
111031227,Mayfield - Warabrook,12.7
111031228,Merewether - The Junction,13.3
111031229,Newcastle - Cooks Hill,12.5
111031230,Newcastle Port - Kooragang,0
111031231,Shortland - Jesmond,9.6
111031232,Stockton - Fullerton Cove,6
111031233,Wallsend - Elermore Vale,15.7
111031234,Waratah - North Lambton,10.7
111031235,Wickham - Carrington - Tighes Hill,8.8
112011236,Ballina,13.4
112011237,Ballina Surrounds,15
112011238,Bangalow,6.8
112011239,Brunswick Heads - Ocean Shores,7.9
112011240,Byron Bay,13.4
112011241,Evans Head,4
112011242,Lennox Head - Skennars Head,8.7
112011243,Mullumbimby,7.7
112021244,Casino,8.3
112021245,Casino Surrounds,5.6
112021246,Goonellabah,10.3
112021247,Kyogle,5.2
112021248,Lismore,11.7
112021249,Lismore Surrounds,13.5
112031250,Kingscliff - Fingal Head,11.5
112031251,Murwillumbah,6.6
112031252,Murwillumbah Surrounds,7.6
112031253,Pottsville,10.9
112031254,Tweed Heads,15
112031550,Banora Point,11.6
112031551,Terranora - North Tumbulgum,2.8
112031552,Tweed Heads South,5.2
113011256,Griffith (NSW),21.1
113011257,Griffith Surrounds,12.6
113011258,Leeton,8.8
113011259,Narrandera,4.5
113021260,Tumbarumba,3.1
113021261,Tumut,5.1
113021262,Tumut Surrounds,3.9
113031263,Cootamundra,5.5
113031264,Gundagai,3.4
113031265,Junee,4.6
113031266,Temora,5.7
113031267,Wagga Wagga - East,14.4
113031268,Wagga Wagga - North,4.7
113031269,Wagga Wagga - South,18.7
113031270,Wagga Wagga - West,10.4
113031271,Wagga Wagga Surrounds,14.8
114011272,Berry - Kangaroo Valley,6.5
114011273,Callala Bay - Currarong,2.4
114011274,Culburra Beach,3.3
114011275,Ettrema - Sassafras - Budawang,0
114011276,Huskisson - Vincentia,3.5
114011277,North Nowra - Bomaderry,11.9
114011278,Nowra,15.2
114011279,St Georges Basin - Erowal Bay,9.3
114011280,Sussex Inlet - Berrara,2.4
114011281,Tomerong - Wandandian - Woollamia,2.9
114011282,Ulladulla,11.4
114011283,Ulladulla Surrounds,3.8
114021284,Bowral,9.5
114021285,Hill Top - Colo Vale,5.5
114021286,Mittagong,8.7
114021287,Moss Vale - Berrima,8.3
114021288,Robertson - Fitzroy Falls,3.1
114021289,Southern Highlands,5.4
115011290,Baulkham Hills - East,18.9
115011291,Baulkham Hills (West) - Bella Vista,18.1
115011294,Glenhaven,4.8
115011296,West Pennant Hills,10.5
115011553,Castle Hill - Central,6
115011554,Castle Hill - East,3.5
115011555,Castle Hill - North,9.7
115011556,Castle Hill - South,8.3
115011557,Castle Hill - West,4.4
115011558,Cherrybrook,15.2
115011621,Kellyville - East,15
115011622,Kellyville - West,8.6
115021297,Dural - Kenthurst - Wisemans Ferry,18.3
115021298,Galston - Laughtondale,4.4
115031299,Bilpin - Colo - St Albans,2.2
115031300,Kurrajong Heights - Ebenezer,19.2
115041301,Pitt Town - McGraths Hill,9.3
115041623,Box Hill - Nelson,7.9
115041624,North Kellyville,13.1
115041625,Rouse Hill - Beaumont Hills,15.3
116011303,Blacktown (East) - Kings Park,15.4
116011304,Blacktown (North) - Marayong,16.6
116011306,Doonside - Woodcroft,19.5
116011307,Lalor Park - Kings Langley,19.6
116011560,Blacktown - South,10.3
116011561,Blacktown - West,14.2
116011626,Seven Hills - Prospect,12.6
116011627,Toongabbie - West,9.8
116021309,Glenwood,14
116021562,Acacia Gardens,3.3
116021563,Quakers Hill,20.9
116021628,Kellyville Ridge - The Ponds,16.7
116021629,Marsden Park - Shanes Park,11.7
116021630,Riverstone,10.9
116021631,Schofields (West) - Colebee,8.2
116021632,Schofields - East,19.9
116021633,Stanhope Gardens - Parklea,9.8
116031313,Bidwill - Hebersham - Emerton,12.3
116031314,Glendenning - Dean Park,6.8
116031315,Hassall Grove - Plumpton,17.7
116031316,Lethbridge Park - Tregear,15
116031317,Mount Druitt - Whalan,16.6
116031318,Prospect Reservoir,0.1
116031319,Rooty Hill - Minchinbury,18.4
117011320,Banksmeadow,0.4
117011321,Botany,11.5
117011323,Pagewood - Hillsdale - Daceyville,11.8
117011324,Port Botany Industrial,0
117011325,Sydney Airport,0
117011634,Eastlakes,7.4
117011635,Mascot,22.7
117021327,Petersham - Stanmore,20.5
117021328,Sydenham - Tempe - St Peters,8.2
117021636,Marrickville - North,11.8
117021637,Marrickville - South,13.6
117031329,Darlinghurst,12.9
117031330,Erskineville - Alexandria,20.6
117031331,Glebe - Forest Lodge,19.5
117031333,Potts Point - Woolloomooloo,20.9
117031336,Surry Hills,19
117031638,Camperdown - Darlington,8.2
117031639,Chippendale,8.1
117031640,Newtown (NSW),16.4
117031641,Pyrmont,13.5
117031642,Redfern,14
117031643,Rosebery - Beaconsfield,12.1
117031644,Sydney (North) - Millers Point,14.5
117031645,Sydney (South) - Haymarket,26.3
117031646,Ultimo,8.6
117031647,Waterloo,16.1
117031648,Zetland,12.4
118011339,Bondi - Tamarama - Bronte,20.4
118011340,Bondi Beach - North Bondi,24.6
118011341,Bondi Junction - Waverly,18.3
118011342,Centennial Park,np
118011344,Dover Heights,9.6
118011345,Paddington - Moore Park,15.1
118011346,Rose Bay - Vaucluse - Watsons Bay,9.6
118011347,Woollahra,6.6
118011649,Bellevue Hill,13.1
118011650,Double Bay - Darling Point,8.9
118021564,Kensington (NSW),10.7
118021565,Kingsford,12
118021566,Maroubra - North,8.8
118021567,Maroubra - South,9.6
118021568,Maroubra - West,9.4
118021569,Randwick - North,16
118021570,Randwick - South,12.7
118021651,Coogee - Clovelly,21.6
118021652,Malabar - La Perouse,7.6
118021653,Matraville - Chifley,10.8
118021654,South Coogee,4.4
119011354,Bass Hill - Georges Hall,13.8
119011355,Chullora,1.1
119011356,Condell Park,8.2
119011358,Padstow,13.2
119011360,Revesby,13.3
119011361,Yagoona - Birrong,14.4
119011571,Bankstown - North,11.7
119011572,Bankstown - South,12.5
119011655,Greenacre - North,9.1
119011656,Greenacre - South,8.1
119011657,Panania (North) - Milperra,8.6
119011658,Panania (South) - Picnic Point,12.5
119021362,Belmore - Belfield,14.8
119021366,Punchbowl,14.5
119021367,Roselands,10.3
119021573,Lakemba,12
119021574,Wiley Park,7.4
119021659,Campsie - North,10
119021660,Campsie - South,7.6
119021661,Canterbury - South,9.9
119021662,Earlwood,14.2
119021663,Kingsgrove - North,4.5
119031370,Narwee - Beverly Hills,10.6
119031371,Oatley - Hurstville Grove,10.2
119031372,Peakhurst - Lugarno,15.1
119031373,Riverwood,8.5
119031374,South Hurstville - Blakehurst,22.9
119031664,Hurstville - Central,13
119031665,Hurstville - North,10.2
119031666,Mortdale - Oatley,12.1
119031667,Penshurst,8.8
119041377,Kingsgrove (South) - Bardwell Park,10
119041378,Kogarah,12.3
119041379,Kogarah Bay - Carlton - Allawah,14.1
119041380,Monterey - Brighton-le-Sands - Kyeemagh,11.2
119041381,Rockdale - Banksia,20.5
119041382,Sans Souci - Ramsgate,12.8
119041668,Arncliffe - Bardwell Valley,13.9
119041669,Bexley - North,7.4
119041670,Bexley - South,14.1
119041671,Wolli Creek,11.5
120011383,Concord - Mortlake - Cabarita,18.8
120011385,Drummoyne - Rodd Point,15.7
120011386,Five Dock - Abbotsford,17.2
120011672,Concord West - North Strathfield,10.9
120011673,Rhodes,10.5
120021387,Balmain,14
120021389,Lilyfield - Rozelle,12.3
120021674,Annandale (NSW),8.9
120021675,Leichhardt,15.6
120031392,Canterbury (North) - Ashbury,10.8
120031393,Croydon Park - Enfield,13.9
120031394,Dulwich Hill - Lewisham,17.1
120031395,Haberfield - Summer Hill,12.4
120031396,Homebush,22.8
120031576,Strathfield South,3.1
120031676,Ashfield - North,12.2
120031677,Ashfield - South,11.2
120031678,Burwood (NSW),14.7
120031679,Croydon,9.2
120031680,Strathfield - East,20.7
120031681,Strathfield - West,7.8
121011399,Chatswood (West) - Lane Cove North,18.5
121011401,St Leonards - Naremburn,11.2
121011682,Artarmon,7.9
121011683,Castle Cove - Northbridge,10.4
121011684,Chatswood - East,15.6
121011685,Greenwich - Riverview,11.4
121011686,Lane Cove,13.5
121011687,Willoughby,10.1
121021403,Asquith - Mount Colah,18.3
121021404,Berowra - Brooklyn - Cowan,10
121021406,Normanhurst - Thornleigh - Westleigh,15.4
121021577,Hornsby - East,11.2
121021578,Hornsby - West,8.4
121021579,Wahroonga (West) - Waitara,8.8
121031407,Gordon - Killara,17.3
121031408,Lindfield - Roseville,19.4
121031409,Pymble,13.8
121031410,St Ives,16.1
121031411,Turramurra,15.2
121031412,Wahroonga (East) - Warrawee,14.3
121041413,Cremorne - Cammeray,17
121041414,Crows Nest - Waverton,17
121041416,Neutral Bay - Kirribilli,16.2
121041417,North Sydney - Lavender Bay,12.4
121041688,Mosman - North,11.4
121041689,Mosman - South,12.5
122011418,Balgowlah - Clontarf - Seaforth,17.2
122011419,Manly - Fairlight,23
122021420,Avalon - Palm Beach,11
122021421,Bayview - Elanora Heights,9
122021422,Newport - Bilgola,12.3
122021690,Mona Vale - Warriewood (North),12
122021691,North Narrabeen - Warriewood (South),9.8
122031424,Beacon Hill - Narraweena,11.9
122031425,Cromer,6.5
122031427,Forestville - Killarney Heights,10.1
122031429,Freshwater - Brookvale,21.2
122031430,Manly Vale - Allambie Heights,15.2
122031432,Terrey Hills - Duffys Forest,3
122031692,Belrose,6.7
122031693,Collaroy - Collaroy Plateau,12.7
122031694,Dee Why (South) - North Curl Curl,8.7
122031695,Dee Why - North,18.9
122031696,Frenchs Forest - Oxford Falls,14.4
122031697,Narrabeen - Wheeler Heights,8.9
123011433,Camden - Ellis Lane,9.9
123011698,Currans Hill,5.4
123011699,Elderslie - Narellan,11.3
123011700,Harrington Park,9.5
123011701,Mount Annan,16
123011702,Spring Farm,7.6
123021436,Bradbury - Wedderburn,14.4
123021437,Campbelltown - Woodbine,17
123021438,Claymore - Eagle Vale - Raby,15.7
123021439,Holsworthy Military Area,0
123021441,Leumeah - Minto Heights,12.7
123021443,Minto - St Andrews,16.6
123021444,Rosemeadow - Glen Alpine,15.5
123021703,Denham Court - Bardia,11.2
123021704,Glenfield,8.5
123021705,Ingleburn,13.6
123021706,Macquarie Fields,10.2
123031445,Bargo,4.7
123031446,Douglas Park - Appin,8.6
123031447,Picton - Tahmoor - Buxton,14.9
123031448,The Oaks - Oakdale,7.9
124011449,Blackheath - Megalong Valley,4.2
124011450,Blaxland - Warrimoo - Lapstone,15.3
124011451,Blue Mountains - North,0
124011452,Katoomba - Leura,10.1
124011453,Lawson - Hazelbrook - Linden,9
124011454,Springwood - Winmalee,17.3
124011455,Wentworth Falls,4.6
124021456,Blue Mountains - South,0
124031457,Cambridge Park,12.6
124031459,Emu Plains - Leonay,11
124031460,Glenmore Park - Regentville,18.1
124031461,Jamisontown - South Penrith,13.5
124031462,Kingswood - Werrington,19.3
124031463,Mulgoa - Luddenham - Orchard Hills,9.8
124031464,Penrith,13.7
124031465,Warragamba - Silverdale,5
124031707,Cranebrook - Castlereagh,13.9
124031708,Jordan Springs - Llandilo,10.7
124041466,Richmond - Clarendon,11.6
124041467,Windsor - Bligh Park,12.6
124041468,Yarramundi - Londonderry,5.5
124051469,Erskine Park,5.8
124051470,St Clair,16.4
124051580,Colyton - Oxley Park,9.9
124051581,St Marys - North St Marys,13.4
125011475,Rookwood Cemetery,0
125011582,Auburn - Central,17.2
125011583,Auburn - North,11.9
125011584,Auburn - South,5.5
125011585,Berala,6.5
125011586,Lidcombe,19.8
125011587,Regents Park,3.9
125011709,Silverwater - Newington,6.4
125011710,Wentworth Point - Sydney Olympic Park,17.9
125021477,Ermington - Rydalmere,18.8
125021478,Oatlands - Dundas Valley,13.5
125021711,Carlingford - East,8.7
125021712,Carlingford - West,14.4
125031479,Chester Hill - Sefton,12.3
125031480,Fairfield - East,9.5
125031481,Granville - Clyde,21.1
125031483,Guildford - South Granville,12.9
125031484,Guildford West - Merrylands West,15.6
125031486,Smithfield Industrial,0.1
125031487,Yennora Industrial,0
125031713,Greystanes - South,11.8
125031714,Merrylands - Holroyd,18.2
125031715,Pemulwuy - Greystanes (North),8.1
125031716,South Wentworthville,5.4
125041489,North Parramatta,20.4
125041490,North Rocks,6.3
125041491,Northmead,18.6
125041493,Toongabbie - Constitution Hill,18.7
125041494,Winston Hills,8.4
125041588,Pendle Hill - Girraween,11.3
125041589,Wentworthville - Westmead,19.4
125041717,Parramatta - North,13.3
125041718,Parramatta - South,11
125041719,Rosehill - Harris Park,10.1
126011496,Pennant Hills - Cheltenham,17.3
126011720,Epping (East) - North Epping,11.9
126011721,Epping (NSW) - West,15
126021498,Gladesville - Huntleys Point,13.1
126021499,Hunters Hill - Woolwich,7.3
126021500,Macquarie Park - Marsfield,20.2
126021501,North Ryde - East Ryde,13
126021503,West Ryde - Meadowbank,17.9
126021590,Putney,3.7
126021722,Denistone,5.5
126021723,Eastwood,15
126021724,Ryde - North,16.8
126021725,Ryde - South,10
127011504,Ashcroft - Busby - Miller,9.6
127011505,Austral - Greendale,9.1
127011592,Badgerys Creek,0
127011593,Cecil Hills,5.4
127011594,Green Valley,8.9
127011595,Hinchinbrook,9.5
127011596,Hoxton Park - Carnes Hill - Horningsea Park,9.7
127011597,West Hoxton - Middleton Grange,12.9
127011726,Cobbitty - Bringelly,3.8
127011727,Gledswood Hills - Gregory Hills,11.2
127011728,Leppington - Catherine Field,9.1
127011729,Oran Park,13.4
127021509,Bonnyrigg Heights - Bonnyrigg,11.2
127021510,Bossley Park - Abbotsbury,12.7
127021511,Cabramatta - Lansvale,15.7
127021512,Cabramatta West - Mount Pritchard,11.8
127021513,Canley Vale - Canley Heights,14.2
127021514,Edensor Park,6.9
127021515,Fairfield,9.5
127021516,Fairfield - West,11.5
127021517,Greenfield Park - Prairiewood,5.1
127021518,Horsley Park - Kemps Creek,3.4
127021519,Smithfield - Wetherill Park,11.7
127021520,St Johns Park - Wakeley,7
127021521,Wetherill Park Industrial,0.2
127031522,Casula,11.8
127031523,Chipping Norton - Moorebank,15
127031524,Holsworthy - Wattle Grove,16.8
127031599,Lurnea - Cartwright,6.8
127031601,Warwick Farm,4.3
127031730,Edmondson Park,9
127031731,Liverpool - East,13
127031732,Liverpool - West,8.1
127031733,Prestons,12.2
128011529,Gymea - Grays Point,15.1
128011530,Miranda - Yowie Bay,16.4
128011531,Sylvania - Taren Point,11.8
128011602,Caringbah,10.4
128011603,Caringbah South,10.6
128011604,Cronulla - Kurnell - Bundeena,21.4
128011605,Lilli Pilli - Port Hacking - Dolans Bay,2.9
128011606,Woolooware - Burraneer,7.8
128021533,Heathcote - Waterfall,5.1
128021534,Illawong - Alfords Point,8.7
128021535,Menai - Lucas Heights - Woronora,17.9
128021536,Oyster Bay - Como - Jannali,17.4
128021537,Royal National Park,0
128021538,Sutherland - Kirrawee,19
128021607,Engadine,13.5
128021608,Loftus - Yarrawarrah,5.9
128021609,Woronora Heights,3.3
201011001,Alfredton,13.2
201011002,Ballarat,10.2
201011005,Buninyong,5.7
201011006,Delacombe,8.3
201011007,Smythes Creek,3.5
201011008,Wendouree - Miners Rest,10.4
201011481,Ballarat East - Warrenheip,7.1
201011482,Ballarat North - Invermay,11.6
201011483,Canadian - Mount Clear,9.4
201011484,Sebastopol - Redan,9
201021009,Bacchus Marsh Surrounds,5.1
201021010,Creswick - Clunes,6
201021011,Daylesford,7.6
201021012,Gordon (Vic.),5.2
201031013,Avoca,2.6
201031014,Beaufort,3.4
201031015,Golden Plains - North,3.6
201031016,Maryborough (Vic.),4.5
201031017,Maryborough Surrounds,3.6
202011018,Bendigo,11.5
202011019,California Gully - Eaglehawk,9.1
202011020,East Bendigo - Kennington,10.7
202011021,Flora Hill - Spring Gully,7.7
202011022,Kangaroo Flat - Golden Square,15.2
202011023,Maiden Gully,4.6
202011024,Strathfieldsaye,8.5
202011025,White Hills - Ascot,11.2
202021026,Bendigo Surrounds - South,6.7
202021027,Castlemaine,7.8
202021028,Castlemaine Surrounds,7.1
202021029,Heathcote,3.3
202021030,Kyneton,8.4
202021031,Woodend,6.1
202031032,Bendigo Surrounds - North,3.7
202031033,Loddon,5.2
203011034,Bannockburn,6
203011035,Golden Plains - South,6.7
203011036,Winchelsea,5.8
203021037,Belmont,12.5
203021039,Geelong,12.3
203021040,Geelong West - Hamlyn Heights,18.3
203021042,Highton,20
203021043,Lara,15.8
203021044,Leopold,10
203021045,Newcomb - Moolap,11.4
203021046,Newtown (Vic.),9.2
203021047,North Geelong - Bell Park,12
203021485,Charlemont,8.6
203021486,Corio - Lovely Banks,12.9
203021487,Grovedale - Mount Duneed,20.6
203021488,Norlane,6.1
203031048,Clifton Springs,12
203031049,Lorne - Anglesea,4.9
203031051,Portarlington,5.8
203031052,Point Lonsdale - Queenscliff,3.6
203031053,Torquay,19.9
203031489,Barwon Heads - Armstrong Creek,9.3
203031490,Ocean Grove,14.9
204011054,Alexandra,5.2
204011055,Euroa,5.4
204011056,Kilmore - Broadford,11.7
204011057,Mansfield (Vic.),8.3
204011058,Nagambie,3.5
204011059,Seymour,4.8
204011060,Seymour Surrounds,3.5
204011061,Upper Yarra Valley,0.2
204011062,Yea,3.1
204021063,Benalla,8
204021064,Benalla Surrounds,3.4
204021065,Rutherglen,3.4
204021066,Wangaratta,15.9
204021067,Wangaratta Surrounds,9.4
204031068,Beechworth,4.1
204031069,Bright - Mount Beauty,7.8
204031070,Chiltern - Indigo Valley,2.9
204031071,Myrtleford,4.4
204031072,Towong,5.1
204031073,West Wodonga,12.4
204031075,Yackandandah,4.7
204031491,Baranduda - Leneva,10.4
204031492,Wodonga,12.4
205011076,Drouin,14.6
205011077,Mount Baw Baw Region,5.3
205011078,Trafalgar (Vic.),6.7
205011079,Warragul,18
205021080,Alps - East,0
205021081,Bairnsdale,11.4
205021082,Bruthen - Omeo,7.1
205021083,Lake King,np
205021084,Lakes Entrance,7.2
205021085,Orbost,4.9
205021086,Paynesville,4.4
205031087,Foster,7
205031088,French Island,0.1
205031089,Korumburra,7.6
205031090,Leongatha,8.9
205031091,Phillip Island,9.4
205031092,Wilsons Promontory,0
205031093,Wonthaggi - Inverloch,18
205041094,Churchill,8.9
205041095,Moe - Newborough,11.6
205041096,Morwell,8.6
205041098,Yallourn North - Glengarry,4
205041493,Traralgon - East,8.9
205041494,Traralgon - West,13.6
205051099,Alps - West,0
205051100,Longford - Loch Sport,3.3
205051101,Maffra,11.8
205051102,Rosedale,3.4
205051103,Sale,11.3
205051104,Yarram,4
206011106,Brunswick East,14.2
206011107,Brunswick West,14.4
206011109,Pascoe Vale South,8.8
206011495,Brunswick - North,13.8
206011496,Brunswick - South,14.9
206011497,Coburg - East,12.3
206011498,Coburg - West,12.3
206021110,Alphington - Fairfield,8.5
206021112,Thornbury,17.5
206021499,Northcote - East,14.3
206021500,Northcote - West,10.5
206031113,Ascot Vale,13.6
206031115,Flemington,9.2
206031116,Moonee Ponds,15.1
206031501,Essendon (West) - Aberfeldie,13.9
206031502,Essendon - East,12
206041117,Carlton,15.3
206041118,Docklands,15.6
206041119,East Melbourne,4.9
206041120,Flemington Racecourse,0.1
206041121,Kensington (Vic.),10.7
206041124,Parkville,6.2
206041125,South Yarra - West,6.1
206041127,West Melbourne - Industrial,0
206041503,Melbourne CBD - East,11
206041504,Melbourne CBD - North,15.9
206041505,Melbourne CBD - West,19.5
206041506,North Melbourne,15.1
206041507,Royal Botanic Gardens Victoria,0
206041508,Southbank (West) - South Wharf,7.3
206041509,Southbank - East,19.8
206041510,West Melbourne - Residential,8.3
206051128,Albert Park,14.9
206051129,Elwood,15.5
206051130,Port Melbourne,14.1
206051134,St Kilda East,18
206051511,Port Melbourne Industrial,2.2
206051512,South Melbourne,11.4
206051513,St Kilda - Central,15.1
206051514,St Kilda - West,15.7
206061135,Armadale,8.7
206061136,Prahran - Windsor,21
206061138,Toorak,11.2
206061515,South Yarra - North,12.4
206061516,South Yarra - South,10.3
206071139,Abbotsford,10.2
206071140,Carlton North - Princes Hill,8.3
206071141,Collingwood,9.9
206071142,Fitzroy,10.7
206071143,Fitzroy North,12.6
206071145,Clifton Hill - Alphington,9.2
206071517,Richmond (South) - Cremorne,18.4
206071518,Richmond - North,13.9
207011146,Ashburton (Vic.),6.1
207011147,Balwyn,12.3
207011148,Balwyn North,15.8
207011149,Camberwell,17.4
207011150,Glen Iris - East,13.9
207011152,Hawthorn East,14.2
207011154,Kew East,5.6
207011155,Surrey Hills (West) - Canterbury,12.9
207011519,Hawthorn - North,9.1
207011520,Hawthorn - South,12.1
207011521,Kew - South,9.6
207011522,Kew - West,11
207021156,Bulleen,8.6
207021157,Doncaster,18.2
207021159,Templestowe,12.3
207021160,Templestowe Lower,10
207021424,Doncaster East - North,11.5
207021425,Doncaster East - South,10.8
207031161,Blackburn,18.2
207031162,Blackburn South,8.1
207031163,Box Hill,18.8
207031164,Box Hill North,14.4
207031165,Burwood (Vic.),10.5
207031166,Burwood East,8.3
207031167,Surrey Hills (East) - Mont Albert,8.5
208011168,Beaumaris,10.7
208011169,Brighton (Vic.),17.8
208011170,Brighton East,12.6
208011171,Highett (West) - Cheltenham,10
208011172,Hampton,14.7
208011173,Sandringham - Black Rock,13.7
208021174,Bentleigh - McKinnon,20.2
208021176,Carnegie,17.1
208021177,Caulfield - North,19.2
208021178,Caulfield - South,15.1
208021179,Elsternwick,10.6
208021180,Hughesdale,6.6
208021181,Murrumbeena,8.4
208021182,Ormond - Glen Huntly,12.6
208021426,Bentleigh East - North,13
208021427,Bentleigh East - South,10.9
208031183,Aspendale Gardens - Waterways,7.1
208031184,Braeside,0.2
208031185,Carrum - Patterson Lakes,9.5
208031186,Chelsea - Bonbeach,11.8
208031187,Chelsea Heights,4.2
208031188,Highett (East) - Cheltenham ,19.5
208031189,Edithvale - Aspendale,10.9
208031190,Mentone,11
208031191,Moorabbin - Heatherton,7.4
208031192,Moorabbin Airport,0
208031193,Mordialloc - Parkdale,17.5
208041194,Malvern - Glen Iris,18
208041195,Malvern East,19
209011196,Bundoora - East,7.5
209011197,Greensborough,16.3
209011198,Heidelberg - Rosanna,12.8
209011199,Heidelberg West,12.5
209011200,Ivanhoe,10.6
209011201,Ivanhoe East - Eaglemont,6.7
209011202,Montmorency - Briar Hill,12.8
209011203,Viewbank - Yallambie,13.7
209011204,Watsonia,7.2
209021205,Kingsbury,9.2
209021428,Preston - East,19.2
209021429,Preston - West,11.1
209021523,Reservoir - North East,12.7
209021524,Reservoir - North West,6.7
209021525,Reservoir - South East,10.3
209021526,Reservoir - South West,12.2
209031209,Eltham,19.3
209031210,Hurstbridge,3
209031211,Kinglake,3.4
209031212,Panton Hill - St Andrews,4.1
209031213,Plenty - Yarrambat,7.8
209031214,Research - North Warrandyte,5.6
209031215,Wattle Glen - Diamond Creek,12.4
209041216,Bundoora - North,6.1
209041217,Bundoora - West,4.9
209041220,Mill Park - North,14.5
209041221,Mill Park - South,8.9
209041223,Thomastown,14.4
209041224,Wallan,17.6
209041225,Whittlesea,7.6
209041431,Epping - East,9.8
209041432,Epping - South,6.3
209041433,Epping (Vic.) - West,9.3
209041435,South Morang - North,10.6
209041436,South Morang - South,10.1
209041437,Wollert,18
209041527,Doreen - North,12.6
209041528,Doreen - South,8.2
209041529,Lalor - East,7.1
209041530,Lalor - West,9
209041531,Mernda - North,8.9
209041532,Mernda - South,9.7
210011226,Airport West,6.6
210011227,Essendon Airport,0
210011228,Keilor,6.6
210011230,Niddrie - Essendon West,6.2
210011231,Strathmore,8.4
210011533,Avondale Heights,8.5
210011534,Keilor East,11
210021232,Gisborne,11.1
210021233,Macedon,2.8
210021234,Riddells Creek,3.7
210021235,Romsey,8.7
210031236,Coburg North,7.2
210031237,Fawkner,10.3
210031439,Gowanbrae,2.5
210031440,Hadfield,4.4
210031535,Glenroy - East,12.4
210031536,Glenroy - West,9
210031537,Oak Park,7.7
210031538,Pascoe Vale,14.9
210041240,Sunbury,11.1
210041539,Diggers Rest,4.6
210041540,Sunbury - South,11.6
210041541,Sunbury - West,9.3
210051242,Broadmeadows,9.9
210051243,Campbellfield - Coolaroo,9.3
210051245,Gladstone Park - Westmeadows,13.4
210051246,Greenvale - Bulla,16.7
210051247,Meadow Heights,8.4
210051248,Melbourne Airport,0.1
210051250,Tullamarine,5
210051441,Craigieburn - Central,6.1
210051442,Craigieburn - North,9.7
210051443,Craigieburn - South,15.8
210051445,Mickleham - Yuroke,17.2
210051542,Craigieburn - North West,7.2
210051543,Craigieburn - West,9
210051544,Roxburgh Park (South) - Somerton,6.7
210051545,Roxburgh Park - North,8.6
211011251,Bayswater,10.2
211011254,Knoxfield - Scoresby,13.3
211011255,Lysterfield,5.7
211011256,Rowville - Central,12.8
211011257,Rowville - North,6.5
211011258,Rowville - South,9.1
211011259,Wantirna,10.8
211011260,Wantirna South,14.1
211011446,Boronia,18.2
211011447,Ferntree Gully - North,11
211011448,Ferntree Gully (South) - Upper Ferntree Gully,12.6
211011449,The Basin,3.6
211021261,Donvale - Park Orchards,12.6
211021262,Warrandyte - Wonga Park,8.4
211031263,Bayswater North,9.6
211031265,Croydon Hills - Warranwood,15.1
211031266,Ringwood,15.1
211031267,Ringwood East,16.8
211031268,Ringwood North,7.6
211031450,Croydon - East,12.4
211031451,Croydon - West,10.7
211031452,Croydon South,3.8
211041269,Forest Hill,8.1
211041270,Mitcham (Vic.),14
211041271,Nunawading,10
211041272,Vermont,8.2
211041273,Vermont South,8.8
211051274,Belgrave - Selby,8.4
211051275,Chirnside Park,9.3
211051276,Healesville - Yarra Glen,11
211051277,Kilsyth,7.4
211051278,Lilydale - Coldstream,15.8
211051279,Monbulk - Silvan,4.7
211051280,Montrose,5.2
211051281,Mooroolbark,18.5
211051282,Mount Dandenong - Olinda,8
211051283,Mount Evelyn,8
211051284,Upwey - Tecoma,8.5
211051285,Wandin - Seville,6.8
211051286,Yarra Valley,12.8
212011289,Emerald - Cockatoo,15.1
212011546,Beaconsfield - Officer,20
212011547,Bunyip - Garfield,7.8
212011548,Koo Wee Rup,7.9
212011549,Pakenham - North East,12
212011550,Pakenham - North West,5.9
212011551,Pakenham - South East,5.1
212011552,Pakenham - South West,21.4
212021293,Berwick - North,17.7
212021295,Doveton,8.3
212021297,Hallam,8.2
212021299,Narre Warren North,6.3
212021453,Endeavour Hills - North,9.1
212021454,Endeavour Hills - South,10.2
212021455,Narre Warren - North East,10.8
212021456,Narre Warren - South West,11.7
212021553,Berwick - South East,14.6
212021554,Berwick - South West,9.1
212031300,Cranbourne,16.7
212031303,Cranbourne South,13.9
212031304,Cranbourne West,17
212031306,Lynbrook - Lyndhurst,14.5
212031308,Pearcedale - Tooradin,6.3
212031457,Narre Warren South - East,10.8
212031458,Narre Warren South - West,13
212031555,Clyde North - North,8.4
212031556,Clyde North - South,12.6
212031557,Cranbourne East - North,18.6
212031558,Cranbourne East - South,9.7
212031559,Cranbourne North - East,10
212031560,Cranbourne North - West,9.3
212031561,Hampton Park - East,9.6
212031562,Hampton Park - West,10.1
212041309,Clarinda - Oakleigh South,8.5
212041310,Clayton South,12.3
212041312,Dandenong North,16.7
212041313,Dingley Village,8.1
212041316,Noble Park North,5.5
212041317,Springvale,18.8
212041318,Springvale South,10
212041459,Noble Park - East,11.7
212041460,Noble Park - West,16.5
212041563,Dandenong - North,17.4
212041564,Dandenong - South,6.9
212041565,Keysborough - North,11.2
212041566,Keysborough - South,12.2
212051319,Ashwood - Chadstone,16.5
212051321,Glen Waverley - East,15.7
212051322,Glen Waverley - West,15.7
212051323,Mount Waverley - North,12.6
212051324,Mount Waverley - South,15.1
212051325,Mulgrave,15.6
212051326,Oakleigh - Huntingdale,19.9
212051327,Wheelers Hill,14.1
212051567,Clayton (North) - Notting Hill,7.5
212051568,Clayton - Central,13
213011328,Ardeer - Albion,6.9
213011329,Cairnlea,7.7
213011331,Delahey,6
213011332,Keilor Downs,9.6
213011333,Kings Park (Vic.),9.1
213011334,St Albans - North,15
213011335,St Albans - South,12.6
213011336,Sunshine,9.3
213011337,Sunshine North,9.2
213011338,Sunshine West,14.2
213011339,Sydenham,9.7
213011340,Taylors Lakes,14.2
213011569,Deer Park,13.6
213011570,Derrimut,6.8
213021341,Altona,10.6
213021342,Altona Meadows,14.4
213021343,Altona North,11
213021344,Newport,16.2
213021345,Seabrook,4
213021346,Williamstown,13.2
213031347,Braybrook,17.1
213031348,Footscray,18.3
213031349,Maribyrnong,12.5
213031350,Seddon - Kingsville,8.5
213031351,West Footscray - Tottenham,11.4
213031352,Yarraville,14
213041353,Bacchus Marsh,19.1
213041358,Melton West,15.6
213041359,Rockbank - Mount Cottrell,11.6
213041360,Taylors Hill,15.1
213041461,Burnside,4.1
213041462,Burnside Heights,4.7
213041463,Caroline Springs,16
213041571,Brookfield,7.2
213041572,Cobblebank - Strathtulloh,5.7
213041573,Eynesbury - Exford,2.4
213041574,Fraser Rise - Plumpton,7.7
213041575,Hillside,13.7
213041576,Kurunjang - Toolern Vale,8.8
213041577,Melton,4.9
213041578,Melton South - Weir Views,10.8
213051361,Hoppers Crossing - North,15.5
213051362,Hoppers Crossing - South,14.8
213051363,Laverton,11.5
213051368,Werribee - South,13.4
213051464,Point Cook - East,15.7
213051466,Point Cook - South,14.8
213051467,Werribee - East,14.3
213051468,Werribee - West,18.2
213051579,Manor Lakes - Quandong,8.5
213051580,Point Cook - North East,11.4
213051581,Point Cook - North West,7.9
213051582,Tarneit (West) - Mount Cottrell,7.9
213051583,Tarneit - Central,23.9
213051584,Tarneit - North,5.9
213051585,Tarneit - South,9
213051586,Truganina - North,7.5
213051587,Truganina - South East,8.8
213051588,Truganina - South West,15.6
213051589,Wyndham Vale - North,7.5
213051590,Wyndham Vale - South,10.4
214011370,Carrum Downs,18.1
214011371,Frankston,18.6
214011372,Frankston North,13.7
214011373,Frankston South,14.5
214011374,Langwarrin,20.3
214011375,Seaford (Vic.),13.2
214011376,Skye - Sandhurst,11
214021377,Dromana,9.2
214021378,Flinders,4.3
214021379,Hastings - Somers,16.8
214021381,Mount Eliza,14
214021382,Mount Martha,14.8
214021383,Point Nepean,13.3
214021384,Rosebud - McCrae,14.7
214021385,Somerville,15.2
214021591,Mornington - East,11
214021592,Mornington - West,7.4
215011386,Ararat,5.8
215011387,Ararat Surrounds,2.9
215011388,Horsham,13.9
215011389,Horsham Surrounds,3.5
215011390,Nhill Region,5.6
215011391,St Arnaud,2.9
215011392,Stawell,6.5
215011393,West Wimmera,2.7
215011394,Yarriambiack,5.1
215021395,Irymple,6.5
215021396,Merbein,4
215021398,Mildura Surrounds,3.1
215021399,Red Cliffs,5.8
215021469,Mildura - North,16.6
215021470,Mildura - South,14.6
215031400,Buloke,5.2
215031401,Gannawarra,5.1
215031402,Kerang,2.7
215031403,Robinvale,4.6
215031404,Swan Hill,9.8
215031405,Swan Hill Surrounds,5.9
216011406,Echuca,13.1
216011407,Kyabram,8.8
216011408,Lockington - Gunbower,3.4
216011409,Rochester,3.2
216011410,Rushworth,3
216021411,Cobram,4.8
216021412,Moira,2.3
216021413,Numurkah,10
216021414,Yarrawonga,6.1
216031415,Mooroopna,6.3
216031416,Shepparton - North,16.5
216031418,Shepparton Surrounds - East,3.8
216031419,Shepparton Surrounds - West,8.6
216031593,Kialla,7.6
216031594,Shepparton - South East,12.6
217011420,Glenelg (Vic.),7.8
217011421,Hamilton (Vic.),8.7
217011422,Portland,8.5
217011423,Southern Grampians,6.2
217031471,Camperdown,2.6
217031472,Colac,9.8
217031473,Colac Surrounds,5.1
217031474,Corangamite - North,4.6
217031475,Corangamite - South,6.7
217031476,Otway,3.3
217041477,Moyne - East,6.5
217041478,Moyne - West,8.5
217041479,Warrnambool - North,19.2
217041480,Warrnambool - South,11.7
301011001,Alexandra Hills,13.6
301011002,Belmont - Gumdale,6.4
301011003,Birkdale,11.9
301011004,Capalaba,14.9
301011005,Thorneside,3.1
301011006,Wellington Point,10.1
301021007,Cleveland,11.7
301021008,Ormiston,4.9
301021009,Redland Bay,14.7
301021011,Sheldon - Mount Cotton,7.2
301021012,Thornlands,16
301021013,Victoria Point,11.2
301021550,North Stradbroke Island,1.7
301021551,Southern Moreton Bay Islands,3.7
301031014,Brisbane Port - Lytton,0
301031015,Manly - Lota,6.4
301031016,Manly West,9.8
301031017,Murarrie,4.7
301031018,Tingalpa,7.8
301031019,Wakerley,7.8
301031020,Wynnum,12.1
301031021,Wynnum West - Hemmant,12.8
302011022,Bald Hills,6.6
302011023,Bridgeman Downs,8.7
302011024,Carseldine,7.9
302011025,Everton Park,8.8
302011026,McDowall,6.8
302021027,Aspley,10.1
302021028,Chermside,10.3
302021029,Chermside West,5.5
302021030,Geebung,3.9
302021031,Kedron - Gordon Park,13.8
302021032,Stafford,6.1
302021033,Stafford Heights,5.8
302021034,Wavell Heights,9.1
302031035,Boondall,8.1
302031036,Brisbane Airport,0
302031037,Eagle Farm - Pinkenba,2.2
302031038,Northgate - Virginia,6.9
302031039,Nudgee - Banyo,9.6
302031040,Nundah,14
302041041,Bracken Ridge,14.5
302041042,Brighton (Qld),8
302041043,Deagon,3.2
302041044,Sandgate - Shorncliffe,5.2
302041045,Taigum - Fitzgibbon,11.7
302041046,Zillmere,8.1
303011047,Camp Hill,11.1
303011048,Cannon Hill,6.8
303011049,Carina,10.2
303011050,Carina Heights,6
303011051,Carindale,13.5
303021052,Annerley,12.3
303021053,Coorparoo,18
303021054,Fairfield - Dutton Park,5.2
303021055,Greenslopes,10.9
303021056,Holland Park,7.4
303021057,Holland Park West,5.8
303021058,Woolloongabba,9.1
303021059,Yeronga,9.1
303031060,Eight Mile Plains,13.1
303031061,Macgregor (Qld),5.7
303031062,Mansfield (Qld),7.1
303031063,Mount Gravatt,13.6
303031064,Rochedale - Burbank,8.4
303031065,Upper Mount Gravatt,9.3
303031066,Wishart,8.8
303041067,Coopers Plains,5.7
303041068,Moorooka,9.8
303041069,Robertson,4.5
303041070,Salisbury - Nathan,6.7
303041071,Tarragindi,9.3
303051072,Algester,7.2
303051073,Calamvale - Stretton,18.1
303051074,Pallara - Willawong,8.7
303051075,Parkinson - Drewvale,12.9
303051076,Rocklea - Acacia Ridge,7.9
303061077,Kuraby,6.5
303061078,Runcorn,12.4
303061079,Sunnybank,8.2
303061080,Sunnybank Hills,14.3
304011081,Jindalee - Mount Ommaney,6.1
304011082,Middle Park - Jamboree Heights,5.6
304011083,Riverhills,3.4
304011084,Seventeen Mile Rocks - Sinnamon Park,7.7
304011085,Westlake,3.6
304021086,Bellbowrie - Moggill,8.5
304021087,Brookfield - Kenmore Hills,5.5
304021088,Chapel Hill,8.5
304021089,Fig Tree Pocket,3.5
304021090,Kenmore,7.7
304021091,Pinjarra Hills - Pullenvale,4.4
304031092,Chelmer - Graceville,6.4
304031093,Corinda,4.3
304031094,Indooroopilly,11.1
304031095,Sherwood,5.7
304031096,St Lucia,8.5
304031097,Taringa,8.4
304041098,Enoggera,8
304041099,Enoggera Reservoir,0
304041100,Keperra,5.3
304041101,Mitchelton,7.4
304041102,Mount Coot-tha,np
304041103,The Gap,14
304041104,Upper Kedron - Ferny Grove,9
305011105,Brisbane City,17.1
305011106,Fortitude Valley,12.8
305011107,Highgate Hill,6.5
305011108,Kangaroo Point,10.9
305011109,New Farm,12.7
305011110,South Brisbane,13.1
305011111,Spring Hill,8.8
305011112,West End,15.6
305021113,Balmoral,4.2
305021114,Bulimba,6.7
305021115,East Brisbane,6.8
305021116,Hawthorne,5.1
305021117,Morningside - Seven Hills,14
305021118,Norman Park,6.8
305031119,Albion,4.8
305031120,Alderley,6.3
305031121,Ascot,5.3
305031122,Clayfield,11
305031123,Grange,3.9
305031124,Hamilton (Qld),6.6
305031125,Hendra,4.3
305031126,Kelvin Grove - Herston,9.4
305031127,Newmarket,5.2
305031128,Newstead - Bowen Hills,20.4
305031129,Wilston,3.7
305031130,Windsor,8.4
305031131,Wooloowin - Lutwyche,11.4
305041132,Ashgrove,12.3
305041133,Auchenflower,5.8
305041134,Bardon,8.9
305041135,Paddington - Milton,13.1
305041136,Red Hill (Qld),6.1
305041137,Toowong,11.7
306011138,Brinsmead,5.2
306011139,Clifton Beach - Kewarra Beach,10.4
306011140,Freshwater - Stratford,3.6
306011141,Redlynch,12
306011142,Trinity Beach - Smithfield,15.1
306011143,Yorkeys Knob - Machans Beach,5.7
306021144,Bentley Park,6.8
306021145,Cairns City,14.9
306021146,Earlville - Bayview Heights,6.9
306021147,Edmonton,9.2
306021148,Gordonvale - Trinity,8.2
306021149,Kanimbla - Mooroobool,8.6
306021150,Lamb Range,np
306021151,Manoora,4.7
306021152,Manunda,4.3
306021153,Mount Sheridan,7.6
306021154,Westcourt - Bungalow,5.9
306021155,White Rock,3.9
306021156,Whitfield - Edge Hill,7.7
306021157,Woree,3.7
306031158,Babinda,3.6
306031159,Innisfail,8.4
306031160,Johnstone,7.2
306031161,Tully,10.9
306031162,Wooroonooran,0
306031163,Yarrabah,0.9
306041164,Daintree,5.8
306041165,Port Douglas,7.2
306051166,Atherton,10.4
306051167,Herberton,3.8
306051168,Kuranda,3.9
306051169,Malanda - Yungaburra,7.7
306051170,Mareeba,13
307011171,Balonne,4.2
307011172,Chinchilla,7.2
307011173,Goondiwindi,6
307011174,Inglewood - Waggamba,3.7
307011175,Miles - Wandoan,3.6
307011176,Roma,7.1
307011177,Roma Surrounds,5.2
307011178,Tara,2.6
307021179,Crows Nest - Rosalie,6.4
307021180,Jondaryan,6
307021181,Millmerran,2.7
307021182,Pittsworth,5.1
307021183,Wambo,14.3
307031184,Clifton - Greenmount,4.5
307031185,Southern Downs - East,3.8
307031186,Southern Downs - West,3.9
307031187,Stanthorpe,4.5
307031188,Stanthorpe Surrounds,5.5
307031189,Warwick,11.8
308011190,Central Highlands - East,6
308011191,Central Highlands - West,6.5
308011192,Emerald,14.5
308031205,Berserker,5.6
308031206,Bouldercombe,1.6
308031207,Emu Park,4.3
308031208,Frenchville - Mount Archer,7.5
308031209,Glenlee - Rockyview,3.9
308031210,Gracemere,10.5
308031211,Lakes Creek,4.1
308031212,Mount Morgan,1.7
308031213,Norman Gardens,8.7
308031214,Park Avenue,4.1
308031215,Parkhurst - Kawana,6
308031216,Rockhampton - West,4.7
308031217,Rockhampton City,2.9
308031218,Rockhampton Surrounds - East,3
308031219,Rockhampton Surrounds - North,3.9
308031220,Rockhampton Surrounds - West,2.9
308031221,Shoalwater Bay,0
308031222,The Range - Allenstown,6.3
308031223,Yeppoon,16.7
308041528,Banana,7.6
308041529,Biloela,5.2
308051530,Agnes Water - Miriam Vale,5
308051531,Boyne Island - Tannum Sands,8.3
308051532,Callemondah,0
308051533,Clinton - New Auckland,11.6
308051534,Gladstone,5
308051535,Gladstone Hinterland,9.2
308051536,Kin Kora - Sun Valley,2.9
308051537,South Trees,np
308051538,Telina - Toolooa,5.2
308051539,West Gladstone,3.7
309011224,Broadbeach Waters,7.7
309011225,Burleigh Heads,9
309011226,Burleigh Waters,12.5
309011227,Mermaid Beach - Broadbeach,14.4
309011228,Mermaid Waters,11.8
309011229,Miami,7.8
309021230,Coolangatta,6.2
309021231,Currumbin - Tugun,11.6
309021232,Currumbin Waters,8.1
309021233,Elanora,10.5
309021234,Palm Beach,15.2
309031235,Arundel,9.1
309031236,Biggera Waters,8.4
309031237,Coombabah,7
309031238,Labrador,15.2
309031239,Paradise Point - Hollywell,7.8
309031240,Runaway Bay,6.8
309041241,Guanaba - Springbrook,3.6
309041242,Tamborine - Canungra,12.2
309051243,Currumbin Valley - Tallebudgera,6.4
309051244,Mudgeeraba - Bonogin,16.3
309051245,Reedy Creek - Andrews,7.4
309061246,Carrara,10.8
309061247,Highland Park,7
309061248,Nerang - Mount Nathan,17.2
309061249,Pacific Pines - Gaven,16.1
309061250,Worongary - Tallai,6.9
309071251,Coomera,17.8
309071252,Helensvale,15.6
309071253,Hope Island,10.8
309071254,Jacobs Well - Alberton,3.9
309071256,Oxenford - Maudsland,15.7
309071552,Ormeau (East) - Stapylton,8.7
309071553,Ormeau (West) - Yatala,10.4
309071554,Pimpama - North,8
309071555,Pimpama - South,9.2
309071556,Upper Coomera (South) - Wongawallan,9.7
309071557,Upper Coomera - North,17.3
309071558,Willow Vale - Pimpama (West),6.3
309081259,Clear Island Waters,3.1
309081260,Merrimac,6.2
309081262,Varsity Lakes,14.8
309081559,Robina - East,14.2
309081560,Robina - West,7.4
309091263,Ashmore,10
309091264,Molendinar,5.7
309091265,Parkwood,7.9
309091540,Southport - North,15.4
309091541,Southport - South,16.8
309101267,Benowa,7.6
309101268,Bundall,4.5
309101269,Main Beach,3.1
309101561,Surfers Paradise - North,12.2
309101562,Surfers Paradise - South,15.2
310011271,Darra - Sumner,3.9
310011272,Durack,6
310011274,Inala - Richlands,13.3
310011275,Oxley (Qld),7.1
310011276,Wacol,1.9
310011563,Doolandella,7.4
310011564,Forest Lake - Ellen Grove,18.8
310021277,Boonah,10.4
310021278,Esk,3.3
310021279,Lake Manchester - England Creek,np
310021280,Lockyer Valley - East,15.8
310021281,Lowood,10.5
310021282,Rosewood,9.9
310031283,Brassall,8.7
310031284,Bundamba,7.3
310031285,Churchill - Yamanto,5.2
310031286,Ipswich - Central,4.9
310031287,Ipswich - East,12.8
310031288,Ipswich - North,4
310031289,Karalee - Barellan Point,5.5
310031290,Karana Downs,5.2
310031291,Leichhardt - One Mile,5.6
310031292,North Ipswich - Tivoli,4.4
310031293,Raceview,11.4
310031294,Ripley,10.4
310031295,Riverview,1.9
310041297,Camira - Gailes,7.5
310041298,Carole Park,0
310041299,Collingwood Park - Redbank,9.4
310041300,Goodna,8.1
310041301,New Chum,0
310041302,Redbank Plains,20
310041303,Springfield,6.5
310041304,Springfield Lakes,20.4
310041565,Augustine Heights - Brookwater,7.9
310041566,Bellbird Park,7.7
311011305,Beaudesert,10
311021306,Beenleigh,6.4
311021307,Eagleby,9
311021308,Edens Landing - Holmview,8
311021309,Mount Warren Park,4.5
311021310,Wolffdene - Bahrs Scrub,7.4
311031311,Boronia Heights - Park Ridge,14.5
311031312,Browns Plains,6.3
311031313,Chambers Flat - Logan Reserve,7
311031314,Crestmead,9.4
311031315,Greenbank Military Camp,np
311031316,Hillcrest,7.3
311031317,Marsden,11.6
311031318,Munruben - Park Ridge South,3.7
311031319,Regents Park - Heritage Park,13.2
311041322,Logan Village,6.8
311041567,Flagstone (East) - Riverbend,5.3
311041568,Flagstone (West) - New Beith,8.1
311041569,Greenbank - North Maclean,6
311041570,Jimboomba - Glenlogan,14.5
311041571,Yarrabilba,7.7
311051323,Bethania - Waterford,8.4
311051324,Cornubia - Carbrook,7.4
311051325,Loganholme - Tanah Merah,9.5
311051326,Loganlea,8.7
311051327,Shailer Park,10.3
311051328,Waterford West,5.5
311061329,Daisy Hill,5.7
311061330,Kingston (Qld),7.1
311061331,Logan Central,3.9
311061332,Rochedale South - Priestdale,12.6
311061333,Slacks Creek,7.6
311061334,Springwood,7.9
311061335,Underwood,5.5
311061336,Woodridge,8
312011337,Bowen,11.1
312011338,Broadsound - Nebo,6.3
312011339,Clermont,3.4
312011340,Collinsville,3.1
312011341,Moranbah,8.3
312021342,Andergrove - Beaconsfield,13.7
312021343,East Mackay,3.4
312021344,Eimeo - Rural View,12.8
312021345,Eungella Hinterland,0
312021346,Mackay,4.2
312021347,Mackay Harbour,0.6
312021348,Mount Pleasant - Glenella,10.9
312021349,North Mackay,5.5
312021350,Ooralea - Bakers Creek,5.4
312021351,Pioneer Valley,7.8
312021352,Sarina,10.3
312021353,Seaforth - Calen,7.2
312021354,Shoal Point - Bucasia,5.5
312021355,Slade Point,3.1
312021356,South Mackay,6.1
312021357,Walkerston - Eton,7.8
312021358,West Mackay,5.5
312031359,Airlie - Whitsundays,15.4
312031360,Cape Conway,np
312031361,Proserpine,7.6
313011362,Beachmere - Sandstone Point,10.6
313011363,Bribie Island,10.8
313021364,Burpengary - East,5.5
313021366,Caboolture - South,17.4
313021367,Elimbah,4
313021368,Morayfield - East,9.1
313021369,Wamuran,3.7
313021572,Caboolture - East,14.4
313021573,Caboolture - West,8.8
313031370,Kilcoy,4.6
313031371,Woodford - D'Aguilar,5.9
313041372,Burpengary,13.3
313041373,Deception Bay,15.7
313041374,Morayfield,5.2
313041375,Narangba,17.5
313041376,Upper Caboolture,2.7
313051377,Clontarf,6.4
313051378,Margate - Woody Point,8.9
313051379,Redcliffe,7.3
313051380,Rothwell - Kippa-Ring,11.9
313051574,Moreton Island,0.1
313051575,Scarborough - Newport,11.4
314011382,Albany Creek,13.7
314011383,Cashmere,16.9
314011384,Dayboro,7.4
314011385,Eatons Hill,6.9
314011386,The Hills District,20.6
314011387,Samford Valley,9.9
314021389,Murrumba Downs - Griffin,19.7
314021576,Dakabin,4.7
314021577,Kallangur,17.1
314021578,Mango Hill,13
314021579,North Lakes,19.6
314031391,Bray Park,7.8
314031392,Lawnton,5.5
314031393,Petrie,7.2
314031394,Strathpine - Brendale,10.9
315011395,Aurukun,0.5
315011396,Cape York,5.2
315011397,Croydon - Etheridge,1
315011398,Kowanyama - Pormpuraaw,0.9
315011399,Northern Peninsula,1.6
315011400,Tablelands,5
315011401,Torres,2.4
315011402,Torres Strait Islands,1.7
315011403,Weipa,3.9
315021404,Carpentaria,3.3
315021405,Mount Isa,17.7
315021406,Mount Isa Surrounds,3
315021407,Northern Highlands,3.3
315031408,Barcaldine - Blackall,4.3
315031409,Charleville,3.9
315031410,Far Central West,2.2
315031411,Far South West,2.3
315031412,Longreach,3.7
316011413,Buderim - North,13.8
316011414,Buderim - South,15.1
316011415,Mountain Creek,11
316011416,Sippy Downs,9.6
316021417,Aroona - Currimundi,8.1
316021418,Buddina - Minyama,5.9
316021419,Caloundra - Kings Beach,5.4
316021421,Golden Beach - Pelican Waters,8.8
316021422,Moffat Beach - Battery Hill,6.6
316021423,Parrearra - Warana,8.3
316021424,Wurtulla - Birtinya,9.1
316021580,Caloundra West - Baringa,13.3
316021581,Meridan Plains - Little Mountain (North),11.2
316031425,Coolum Beach,13.8
316031426,Marcoola - Mudjimba,9.8
316031427,Maroochydore - Kuluin,20
316031428,Mooloolaba - Alexandra Headland,12.2
316051434,Noosa Heads,4.4
316051435,Noosaville,7.1
316051437,Sunshine Beach,6.7
316051438,Tewantin,7.7
316051543,Peregian Beach - Marcus Beach,3.7
316051544,Peregian Springs,8.4
316061439,Beerwah,7.4
316061440,Caloundra Hinterland,6.3
316061441,Glass House Mountains,5.3
316061442,Landsborough,13.3
316061443,Maroochy Hinterland,5.1
316061444,Palmwoods,9.4
316071545,Bli Bli,8.4
316071546,Diddillibah - Rosemount,3.3
316071547,Eumundi - Yandina,10.7
316071548,Nambour,17.5
316081549,Noosa Hinterland,19.3
317011445,Cambooya - Wyreema,6.9
317011446,Darling Heights,12.5
317011447,Drayton - Harristown,8.2
317011448,Gatton,9.7
317011449,Gowrie (Qld),5.8
317011450,Highfields,11.9
317011451,Lockyer Valley - West,10.8
317011452,Middle Ridge,5.9
317011453,Newtown (Qld),7.9
317011454,North Toowoomba - Harlaxton,4.8
317011455,Rangeville,6.9
317011456,Toowoomba - Central,11.5
317011457,Toowoomba - East,8.9
317011458,Toowoomba - West,13.7
317011459,Wilsonton,9.8
318011460,Ayr,9.6
318011461,Burdekin,7.5
318011462,Charters Towers,6.2
318011463,Dalrymple,2.9
318011464,Ingham,3.5
318011465,Ingham Surrounds,5.2
318011466,Palm Island,0.7
318021467,Aitkenvale,4.1
318021468,Annandale (Qld),7.4
318021469,Belgian Gardens - Pallarenda,2.8
318021470,Bohle Plains,7.8
318021471,Condon - Rasmussen,8.3
318021472,Cranbrook,5
318021474,Douglas,6.9
318021475,Garbutt - West End,5.5
318021476,Gulliver - Currajong - Vincent,6.5
318021477,Heatley,3.1
318021478,Hermit Park - Rosslea,5.1
318021479,Hyde Park - Pimlico,4.2
318021480,Kelso,8.8
318021481,Kirwan - East,6
318021482,Kirwan - West,14
318021483,Magnetic Island,2
318021484,Mount Louisa,9.1
318021485,Mundingburra,2.8
318021486,Northern Beaches,5.5
318021487,Oonoonba,6.7
318021488,South Townsville - Railway Estate,5
318021489,Townsville - South,4.3
318021490,Townsville City - North Ward,9.4
318021491,Wulguru - Roseneath,4.1
318021582,Burdell - Mount Low,17.2
318021583,Deeragun - Jensen,5.2
319011492,Ashfield - Kepnock,4
319011493,Bargara - Burnett Heads,13.7
319011494,Branyan - Kensington,4.2
319011495,Bundaberg,7.7
319011496,Bundaberg East - Kalkie,4.6
319011497,Bundaberg North - Gooburrum,5.5
319011498,Bundaberg Surrounds - North,7.2
319011499,Bundaberg Surrounds - South,8.6
319011500,Millbank - Avoca,4.9
319011501,Svensson Heights - Norville,3.9
319011502,Walkervale - Avenell Heights,7.6
319021503,Gayndah - Mundubbera,7.5
319021504,Gin Gin,3.8
319021505,Kingaroy,8.1
319021506,Kingaroy Surrounds - North,6.3
319021507,Kingaroy Surrounds - South,3.5
319021508,Monto - Eidsvold,2.8
319021509,Nanango,5.7
319021510,North Burnett,0
319031511,Cooloola,3.5
319031512,Gympie - North,10
319031513,Gympie - South,5.3
319031514,Gympie Surrounds,15.4
319031515,Kilkivan,2.8
319041516,Booral - River Heads,4
319041517,Craignish - Dundowran Beach,3.8
319041518,Pialba - Eli Waters,8.7
319041519,Point Vernon,3.3
319041520,Torquay - Scarness - Kawungan,9.4
319041521,Urangan - Wondunna,9.3
319051522,Burrum - Fraser,5.9
319051523,Granville,1.9
319051524,Maryborough (Qld),10.5
319051525,Maryborough Surrounds - South,5.7
319051526,Tinana,3.8
401011001,Adelaide,16.6
401011002,North Adelaide,5.6
401021003,Adelaide Hills,5.7
401021004,Aldgate - Stirling,14.7
401021005,Hahndorf - Echunga,3.7
401021006,Lobethal - Woodside,7.5
401021007,Mount Barker,17.3
401021008,Mount Barker Surrounds,5.8
401021009,Nairne,4.4
401021010,Uraidla - Summertown,4.9
401031011,Burnside - Wattle Park,15.2
401031012,Beaumont - Glen Osmond,7.8
401031013,Toorak Gardens,13
401041014,Athelstone,7.8
401041015,Paradise - Newton,16.8
401041016,Rostrevor - Magill,18.4
401051017,Norwood (SA),9.4
401051018,Payneham - Felixstow,10.4
401051019,St Peters - Marden,11.4
401061020,Nailsworth - Broadview,5.9
401061021,Prospect,13.9
401061022,Walkerville,6.3
401071023,Goodwood - Millswood,15.5
401071024,Unley - Parkside,16.9
402011025,Gawler - North,7.7
402011026,Gawler - South,15.7
402011027,Lewiston - Two Wells,5
402021028,Craigmore - Blakeview,15
402021029,Davoren Park,11.7
402021030,Elizabeth,5.3
402021031,Elizabeth East,8.8
402021032,Munno Para West - Angle Vale,12.3
402021033,One Tree Hill,2.1
402021034,Smithfield - Elizabeth North,7
402021035,Virginia - Waterloo Corner,3.7
402031036,Enfield - Blair Athol,21.2
402031038,Windsor Gardens,19.8
402031175,Northgate - Northfield,14.1
402031176,Valley View - Gilles Plains,8.2
402041039,Dry Creek - North,0
402041040,Ingle Farm,11.1
402041041,Para Hills,11.3
402041042,Parafield,0
402041043,Parafield Gardens,13
402041044,Paralowie,13.3
402041046,Salisbury,12.1
402041047,Salisbury East,12.8
402041048,Salisbury North,12.3
402041171,Mawson Lakes - Globe Derby Park,12.7
402041172,Pooraka - Cavan,5.9
402051049,Golden Grove,7.8
402051050,Greenwith,7.2
402051051,Highbury - Dernancourt,8.6
402051052,Hope Valley - Modbury,13
402051053,Modbury Heights,15
402051054,Redwood Park,12.5
402051055,St Agnes - Ridgehaven,9.6
403011056,Brighton (SA),11.1
403011057,Glenelg (SA),17
403021058,Edwardstown,12.9
403021059,Hallett Cove,10.3
403021060,Marino - Seaview Downs,7.7
403021061,Mitchell Park,13
403021062,Morphettville,13.5
403021063,Sheidow Park - Trott Park,8.5
403021064,Warradale,12.7
403031065,Belair,3.7
403031066,Bellevue Heights,6.1
403031067,Blackwood,10.2
403031068,Colonel Light Gardens,13.1
403031069,Mitcham (SA),13.3
403031070,Panorama,6.8
403041071,Aberfoyle Park,9.4
403041072,Aldinga,11.5
403041073,Christie Downs,5.8
403041074,Christies Beach,8.2
403041075,Clarendon,2.2
403041076,Coromandel Valley,3.7
403041077,Flagstaff Hill,8.5
403041078,Hackham - Onkaparinga Hills,4.7
403041079,Hackham West - Huntfield Heights,4.8
403041080,Happy Valley,10.6
403041081,Happy Valley Reservoir,np
403041082,Lonsdale,0.1
403041083,McLaren Vale,5.7
403041084,Morphett Vale - East,10
403041085,Morphett Vale - West,6.9
403041086,Reynella,7.6
403041088,Willunga,2.9
403041089,Woodcroft,8.9
403041177,Seaford - Seaford Meadows,10.6
403041178,Seaford Rise - Moana,8
404011090,Beverley,7.7
404011091,Flinders Park,13
404011092,Henley Beach,12.9
404011093,Hindmarsh - Brompton,16.5
404011094,Royal Park - Hendon - Albert Park,5.3
404011095,Seaton - Grange,13.5
404011096,West Lakes,10.7
404011097,Woodville - Cheltenham,15.8
404021098,Dry Creek - South,0
404021099,Largs Bay - Semaphore,12.3
404021100,North Haven,10.7
404021101,Port Adelaide,9
404021102,The Parks,15.1
404021103,Torrens Island,np
404031104,Adelaide Airport,0
404031105,Fulham,2.3
404031106,Lockleys,11.6
404031107,Plympton,24.4
404031108,Richmond (SA),15.9
404031109,West Beach,4.3
405011110,Barossa - Angaston,5.2
405011111,Light,7.4
405011112,Lyndoch,5.1
405011113,Mallala,2.5
405011114,Nuriootpa,5.6
405011115,Tanunda,3.8
405021116,Clare,3.4
405021117,Gilbert Valley,3.9
405021118,Goyder,3.3
405021119,Wakefield - Barunga West,6.7
405031120,Jamestown,3.9
405031121,Peterborough - Mount Remarkable,4
405031122,Port Pirie,8.9
405031123,Port Pirie Surrounds,2.2
405041124,Kadina,3.8
405041125,Moonta,2.9
405041126,Wallaroo,2.4
405041127,Yorke Peninsula - North,4.5
405041128,Yorke Peninsula - South,2.6
406011129,Ceduna,2.5
406011130,Eyre Peninsula,5.6
406011131,Kimba - Cleve - Franklin Harbour,3.5
406011132,Le Hunte - Elliston,1.9
406011133,Port Lincoln,13.6
406011134,West Coast (SA),2.9
406011135,Western,0
406011136,Whyalla,14.8
406011137,Whyalla - North,np
406021138,APY Lands,0.5
406021139,Coober Pedy,1.3
406021140,Quorn - Lake Gilles,1.8
406021141,Outback,1.5
406021142,Port Augusta,9.8
406021143,Roxby Downs,3.9
407011144,Goolwa - Port Elliot,6.7
407011145,Kangaroo Island,4.6
407011146,Strathalbyn,5.5
407011147,Strathalbyn Surrounds,6.3
407011148,Victor Harbor,8.7
407011149,Yankalilla,4.4
407021150,Grant,4.6
407021151,Kingston - Robe,3.6
407021152,Millicent,3.8
407021154,Naracoorte,6.3
407021155,Naracoorte Surrounds,2.5
407021156,Penola,3.1
407021157,Tatiara,6.8
407021158,Wattle Range,2.8
407021173,Mount Gambier - East,12.8
407021174,Mount Gambier - West,11.2
407031159,Barmera,5.3
407031160,Berri,3.4
407031161,Karoonda - Lameroo,2.7
407031162,Loxton,4.5
407031163,Loxton Surrounds,1.5
407031164,Mannum,4.4
407031165,Murray Bridge,13
407031166,Murray Bridge Surrounds,3.2
407031167,Renmark,4.4
407031168,Renmark Surrounds,4.8
407031169,The Coorong,4.3
407031170,Waikerie,4.9
501011001,Augusta,6.3
501011003,Busselton Surrounds,11.9
501011004,Margaret River,11.6
501011293,Busselton - East,8.2
501011294,Busselton - West,16.6
501021005,Australind - Leschenault,16.2
501021007,Capel,4.8
501021008,College Grove - Carey Park,5.1
501021009,Collie,6.3
501021010,Dardanup,2.8
501021011,Davenport,0.1
501021012,Eaton - Pelican Point,10.2
501021014,Harvey,8
501021015,East Bunbury - Glen Iris,6.2
501021016,Waroona,3.3
501021251,Dalyellup,8.7
501021252,Gelorup - Stratham,2.8
501021253,South Bunbury - Bunbury,11.1
501021254,Withers - Usher,3.9
501031017,Bridgetown - Boyup Brook,5.6
501031018,Donnybrook - Balingup,5.5
501031019,Manjimup,5.1
501031020,Pemberton,5.1
502011021,Dawesville - Bouvard,6.4
502011022,Falcon - Wannanup,7.6
502011023,Greenfields,6.7
502011024,Halls Head - Erskine,14.9
502011025,Mandurah,7.2
502011026,Mandurah - East,4.7
502011027,Mandurah - North,17
502011028,Mandurah - South,7.5
502011029,Pinjarra,7.8
503011030,City Beach,5.7
503011031,Claremont (WA),7.1
503011032,Cottesloe,7
503011033,Floreat,7.2
503011034,Mosman Park - Peppermint Grove,9.1
503011035,Nedlands - Dalkeith - Crawley,15.1
503011036,Swanbourne - Mount Claremont,7.8
503021037,Kings Park (WA),0
503021038,Mount Hawthorn - Leederville,10.9
503021039,Mount Lawley - Inglewood,16.6
503021040,North Perth,9.3
503021042,Subiaco - Shenton Park,15.1
503021043,Wembley - West Leederville - Glendalough,20.2
503021295,East Perth,14.1
503021296,Perth (North) - Highgate,15
503021297,Perth (West) - Northbridge,16.1
504011044,Bassendean - Eden Hill - Ashfield,13.5
504011045,Bayswater - Embleton - Bedford,21.9
504011046,Maylands,14
504011047,Morley,19.7
504011048,Noranda,6.4
504021049,Chidlow,2.6
504021050,Glen Forrest - Darlington,6.1
504021051,Helena Valley - Koongamia,4.8
504021052,Malmalling - Reservoir,0
504021053,Mundaring,11.1
504021054,Swan View - Greenmount - Midvale,10.5
504031055,Avon Valley National Park,0
504031056,Ballajura,16
504031057,Beechboro,18.1
504031058,Bullsbrook,5
504031060,Gidgegannup,2.6
504031061,Hazelmere - Guildford,4.7
504031062,Lockridge - Kiara,10.6
504031063,Malaga,0.2
504031064,Melaleuca - Lexia,np
504031065,Middle Swan - Herne Hill,5
504031066,Midland - Guildford,9.6
504031067,Stratton - Jane Brook,6.2
504031068,The Vines,10.8
504031069,Walyunga National Park,np
504031298,Aveley,14.5
504031299,Brabham - Henley Brook,10.7
504031300,Ellenbrook,16.1
505011070,Craigie - Beldon,9.2
505011071,Currambine - Kinross,12.9
505011072,Duncraig,12.9
505011073,Greenwood - Warwick,11.4
505011074,Heathridge - Connolly,9.4
505011075,Hillarys,9.6
505011076,Iluka - Burns Beach,8.9
505011077,Joondalup - Edgewater,12.5
505011078,Kingsley,10.7
505011079,Mullaloo - Kallaroo,10.1
505011080,Ocean Reef,7
505011081,Padbury,7.3
505011082,Sorrento - Marmion,8.6
505011083,Woodvale,8.5
505021084,Balcatta - Hamersley,14
505021085,Balga - Mirrabooka,18
505021087,Herdsman,np
505021088,Innaloo - Doubleview,17.5
505021089,Karrinyup - Gwelup - Carine,17.5
505021090,Nollamara - Westminster,19.5
505021091,Osborne Park Industrial,0.4
505021092,Scarborough,19.3
505021093,Stirling - Osborne Park,13.9
505021094,Trigg - North Beach - Watermans Bay,6.7
505021095,Tuart Hill - Joondanna,13.3
505021096,Wembley Downs - Churchlands - Woodlands,12.2
505021097,Yokine - Coolbinia - Menora,15.4
505021301,Dianella - North,9.9
505021302,Dianella - South,10.9
505031098,Alexander Heights - Koondoola,9.1
505031099,Butler - Merriwa - Ridgewood,19.5
505031100,Carramar,16.9
505031101,Clarkson,12.4
505031102,Girrawheen,6.8
505031104,Marangaroo,8.2
505031105,Mindarie - Quinns Rocks - Jindalee,19
505031106,Neerabup National Park,0
505031107,Tapping - Ashby - Sinagra,11.7
505031255,Alkimos - Eglinton,12.5
505031256,Carabooda - Pinjar,0.6
505031257,Two Rocks,3
505031258,Yanchep,8.6
505031303,Hocking - Pearsall,11.4
505031304,Landsdale,13.6
505031305,Madeley - Darch,12.4
505031306,Wanneroo - Sinagra,11.9
506011110,Armadale - Wungong - Brookdale,17.5
506011111,Ashendon - Lesley,0
506011112,Camillo - Champion Lakes,4.4
506011114,Kelmscott,8.3
506011115,Mount Nasura - Mount Richon - Bedfordale,6.7
506011116,Roleystone,6.1
506011117,Seville Grove,9.5
506011307,Harrisdale,10.5
506011308,Piara Waters - Forrestdale,14.4
506021118,Belmont - Ascot - Redcliffe,14.6
506021119,East Victoria Park - Carlisle,17.1
506021120,Kewdale Commercial,0
506021121,Perth Airport,0
506021123,Victoria Park - Lathlain - Burswood,16.9
506021309,Cloverdale,8.8
506021310,Kewdale,6.9
506021311,Rivervale,11.6
506031124,Bentley - Wilson - St James,21.3
506031125,Canning Vale - West,9.2
506031126,Canning Vale Commercial,0
506031127,Cannington - Queens Park,21.5
506031128,Parkwood - Ferndale - Lynwood,11.8
506031129,Riverton - Shelley - Rossmoyne,11.5
506031130,Welshpool,0.1
506031131,Willetton,15.6
506041132,Beckenham - Kenwick - Langford,17.9
506041133,Canning Vale - East,20.4
506041134,Gosnells,16
506041135,Huntingdale - Southern River,18.7
506041136,Maddington - Orange Grove - Martin,12.3
506041137,Thornlie,19
506051138,Forrestfield - Wattle Grove,16.6
506051139,High Wycombe,10.7
506051140,Kalamunda - Maida Vale - Gooseberry Hill,12
506051141,Lesmurdie - Bickley - Carmel,9.4
506061142,Byford,17.5
506061143,Mundijong,6.3
506061144,Serpentine - Jarrahdale,3.6
506071145,Como,13.3
506071146,Manning - Waterford,9.6
506071147,South Perth - Kensington,15.9
507011148,Banjup,19.6
507011150,Bibra Industrial,0.1
507011151,Bibra Lake,np
507011152,Coogee,8.6
507011153,Coolbellup,7.6
507011154,Hamilton Hill,10.3
507011155,Henderson,0
507011158,North Coogee,3.4
507011159,South Lake - Cockburn Central,10.7
507011160,Spearwood,9.7
507011161,Success - Hammond Park,16.1
507011163,Yangebup,6.9
507011259,Beeliar - Wattleup,9.5
507011260,Jandakot,2.3
507021164,East Fremantle,6.7
507021165,Fremantle,17
507021166,Fremantle - South,13.9
507021167,O'Connor (WA),0.1
507031169,Wellard (West) - Bertram,17
507031170,Calista,5.7
507031172,Hope Valley - Postans,0
507031173,Kwinana Industrial,0.1
507031174,Parmelia - Orelia,9.2
507031261,Casuarina - Wandi,7.2
507041175,Applecross - Ardross,9.8
507041176,Bateman,3.2
507041177,Bicton - Palmyra,12.4
507041178,Booragoon,12.6
507041179,Bull Creek,5.9
507041180,Leeming,9.3
507041181,Melville,14.5
507041182,Murdoch - Kardinya,10.6
507041183,Willagee,4.2
507041184,Winthrop,5
507051186,Cooloongup,6.3
507051187,Port Kennedy,11.5
507051188,Rockingham,12.1
507051189,Rockingham Lakes,0
507051190,Safety Bay - Shoalwater,9.2
507051191,Singleton - Golden Bay - Secret Harbour,20.3
507051192,Waikiki,10.3
507051193,Warnbro,8.7
507051312,Baldivis - North,10.1
507051313,Baldivis - South,22.8
507051314,Karnup,1.8
509011225,Albany,12.3
509011226,Albany Surrounds,3.3
509011227,Bayonet Head - Lower King,4.3
509011228,Denmark,5.2
509011229,Gnowangerup,2.8
509011230,Katanning,3.8
509011231,Kojonup,4.1
509011232,Little Grove - Elleker,2.9
509011233,McKail - Willyung,9.6
509011234,Plantagenet,4.6
509011235,Stirling Range National Park,np
509021236,Chittering,5
509021237,Cunderdin,2.9
509021238,Dowerin,3.1
509021239,Gingin - Dandaragan,8.2
509021240,Merredin,4
509021241,Moora,4.3
509021242,Mukinbudin,2.3
509021243,Northam,8.1
509021244,Toodyay,3.7
509021245,York - Beverley,4.2
509031246,Brookton,3.2
509031247,Kulin,4.2
509031248,Murray,2
509031249,Narrogin,3.5
509031250,Wagin,4.8
510011262,Broome,16.4
510011263,Derby - West Kimberley,4.9
510011264,Halls Creek,1.9
510011265,Kununurra,7.7
510011266,Roebuck,0.8
510021267,East Pilbara,0.6
510021268,Newman,5.1
510021269,Port Hedland,4.6
510021270,South Hedland,10.8
510031271,Ashburton (WA),5.3
510031272,Karratha,17.6
510031273,Roebourne,3.9
511011274,Esperance,11.1
511011275,Esperance Surrounds,3.2
511021276,Carnarvon,4.8
511021277,Exmouth,5
511031278,Boulder,6.7
511031279,Kalgoorlie,15.1
511031280,Kalgoorlie - North,8.5
511031281,Kalgoorlie Airport,0
511031282,Kambalda - Coolgardie - Norseman,3.2
511031283,Leinster - Leonora,1.4
511031284,Trafalgar (WA),np
511041285,Geraldton,9.7
511041286,Geraldton - East,6.2
511041287,Geraldton - North,7.3
511041288,Geraldton - South,9.1
511041289,Irwin,2.8
511041290,Meekatharra,1.8
511041291,Morawa,2.9
511041292,Northampton - Mullewa - Greenough,4.8
601011001,Bridgewater - Gagebrook,4.4
601011002,Brighton - Pontville,5.2
601011003,Old Beach - Otago,4.1
601021004,Bellerive - Rosny,5.2
601021005,Cambridge,7.2
601021006,Geilston Bay - Risdon,2.9
601021007,Howrah - Tranmere,9.1
601021008,Lindisfarne - Rose Bay,6.1
601021009,Mornington - Warrane,4
601021010,Risdon Vale,1.8
601021011,Rokeby,5.7
601021012,South Arm,3.8
601031013,Austins Ferry - Granton,3.6
601031014,Berriedale - Chigwell,4.4
601031015,Claremont (Tas.),6.3
601031016,Derwent Park - Lutana,4.2
601031017,Glenorchy,10.8
601031018,Montrose - Rosetta,4.3
601031019,Moonah,5.4
601031020,New Norfolk,5
601031021,West Moonah,4.2
601041022,Kingston - Huntingfield,10.8
601041023,Kingston Beach - Blackmans Bay,8.9
601041024,Margate - Snug,6.5
601041025,Mount Wellington,np
601041026,Taroona - Bonnet Hill,3
601051027,Hobart,9.5
601051028,Lenah Valley - Mount Stuart,8.5
601051029,Mount Nelson - Dynnyrne,4.8
601051030,New Town,6.1
601051031,Sandy Bay,12
601051032,South Hobart - Fern Tree,6.3
601051033,West Hobart,6.3
601061034,Dodges Ferry - Lewisham,6.6
601061035,Sorell - Richmond,7.7
602011036,Invermay,3
602011037,Kings Meadows - Punchbowl,3.7
602011038,Launceston,5.4
602011039,Legana,3.8
602011040,Mowbray,3.7
602011041,Newnham - Mayfield,7.4
602011042,Newstead,4.2
602011043,Norwood (Tas.),2.9
602011044,Prospect Vale - Blackstone,5.3
602011045,Ravenswood,2.2
602011046,Riverside,5.8
602011047,South Launceston,4.1
602011048,Summerhill - Prospect,3.8
602011049,Trevallyn,4.2
602011050,Waverley - St Leonards,2.8
602011051,West Launceston,3.7
602011052,Youngtown - Relbia,3.9
602021053,Beauty Point - Beaconsfield,2.6
602021054,Deloraine,4.8
602021055,Grindelwald - Lanena,4.5
602021056,Hadspen - Carrick,2.8
602021057,Westbury,3.3
602031058,Dilston - Lilydale,3.5
602031059,George Town,4.7
602031060,Longford,3.3
602031061,Northern Midlands,3.2
602031062,Perth - Evandale,4.2
602031064,St Helens - Scamander,4.3
602031099,Flinders and Cape Barren Islands,0.8
602031100,Scottsdale - Bridport,5.3
603011065,Central Highlands,1.9
603011066,Derwent Valley,2.5
603011067,Southern Midlands,5.4
603011068,Wilderness - East,0
603021069,Bruny Island - Kettering,2.5
603021070,Cygnet,3.3
603021071,Geeveston - Dover,2.6
603021072,Huonville - Franklin,7.2
603031073,Forestier - Tasman,1.6
603031074,Triabunna - Bicheno,4
604011075,Acton - Upper Burnie,2.2
604011076,Burnie - Ulverstone Surrounds,4.3
604011077,Burnie - Wivenhoe,3.1
604011078,Parklands - Camdale,4.8
604011079,Penguin - Sulphur Creek,4.3
604011080,Romaine - Havenview,2.7
604011081,Somerset,2.8
604011082,Ulverstone,4.9
604011083,West Ulverstone,3.1
604011084,Wynyard,4.3
604021085,Devonport,11.5
604021086,East Devonport,3.7
604021087,Latrobe,4.2
604021088,Miandetta - Don,3.1
604021089,Port Sorell,4.8
604021090,Quoiba - Spreyton,2.7
604021091,Sheffield - Railton,5.2
604021092,Turners Beach - Forth,3.1
604031093,King Island,1.5
604031094,North West,3.5
604031095,Smithton,3.3
604031096,Waratah,2.9
604031097,West Coast (Tas.),2.8
604031098,Wilderness - West,np
701011001,Darwin Airport,0
701011002,Darwin City,11.6
701011003,East Point,0
701011004,Fannie Bay - The Gardens,4
701011005,Larrakeyah,4.8
701011006,Ludmilla - The Narrows,2.3
701011007,Parap,3.2
701011008,Stuart Park,5.7
701011009,Woolner - Bayview - Winnellie,4.6
701021010,Alawa,2.1
701021011,Anula,2.2
701021012,Berrimah,1.4
701021013,Brinkin - Nakara,4
701021014,Buffalo Creek,np
701021015,Charles Darwin,0
701021016,Coconut Grove,3.6
701021017,East Arm,0.1
701021018,Jingili,1.7
701021019,Karama,4.3
701021020,Leanyer,4.4
701021021,Lyons (NT),5.3
701021022,Malak - Marrara,4
701021023,Millner,3.1
701021024,Moil,1.9
701021025,Nightcliff,4.7
701021026,Rapid Creek,3.8
701021027,Tiwi,2.1
701021028,Wagaman,2.2
701021029,Wanguri,1.7
701021030,Wulagi,2.2
701031031,Howard Springs,3.9
701031032,Humpty Doo,8.7
701031033,Koolpinyah,0
701031034,Virginia,3.3
701031035,Weddell,4.2
701041036,Bakewell,3.3
701041037,Driver,2.9
701041038,Durack - Marlow Lagoon,4.5
701041039,Gray,2.8
701041040,Moulden,2.5
701041041,Palmerston - North,4.6
701041042,Palmerston - South,6.6
701041043,Rosebery - Bellamack,6.4
701041044,Woodroffe,3.1
702011045,Charles,7.8
702011046,East Side,6.1
702011047,Flynn (NT),5.1
702011048,Larapinta,5.2
702011049,Mount Johns,4.4
702011050,Petermann - Simpson,1.6
702011051,Ross,2
702011052,Sandover - Plenty,0.6
702011053,Tanami,0.6
702011054,Yuendumu - Anmatjere,0.5
702021055,Barkly,0.6
702021056,Tennant Creek,2.8
702031057,Alligator,3.5
702031058,Daly,0.7
702031059,Thamarrurr,0.6
702031060,Tiwi Islands,0.8
702031061,West Arnhem,0.6
702041062,Anindilyakwa,1.2
702041063,East Arnhem,1.1
702041064,Nhulunbuy,3.6
702051065,Elsey,0.7
702051066,Gulf,1.1
702051067,Katherine,11.1
702051068,Victoria River,0.8
801011001,Aranda,2.2
801011002,Belconnen,9
801011003,Bruce,7.6
801011004,Charnwood,2.5
801011005,Cook,2.5
801011006,Dunlop,6.3
801011007,Evatt,4.7
801011008,Florey,4
801011009,Flynn (ACT),3.1
801011010,Fraser,1.6
801011011,Giralang,2.7
801011012,Gooromon,np
801011013,Hawker,2.6
801011014,Higgins,2.6
801011015,Holt,4.5
801011016,Kaleen,6.5
801011017,Latham,3.1
801011018,Lawson,3.1
801011019,Macgregor (ACT),6.1
801011020,Macquarie,2.7
801011021,McKellar,2.3
801011022,Melba,2.5
801011023,Page,2.3
801011024,Scullin,2.5
801011025,Spence,2
801011026,Weetangera,2.4
801011111,Molonglo Corridor,0
801011142,Macnamara,np
801011143,Strathnairn,0.5
801011144,West Belconnen,0
801031031,Hume,0
801031032,Kowen,0
801031113,Canberra East,0.6
801031114,Canberra Airport,0.1
801031115,Majura,0.2
801041034,Amaroo,5.4
801041035,Bonner,6.6
801041036,Casey,6
801041037,Crace,4.2
801041038,Forde,3.9
801041039,Franklin,7.9
801041040,Gungahlin,8.9
801041043,Hall,0.3
801041044,Harrison,8.1
801041045,Mitchell,0
801041046,Ngunnawal,9.9
801041047,Nicholls,6.1
801041048,Palmerston,4.8
801041116,Gungahlin - East,np
801041117,Gungahlin - West,np
801041118,Jacka,0.6
801041119,Kenny,0
801041120,Moncrieff,4.8
801041121,Taylor,1.8
801041122,Throsby,2
801051049,Acton,1.2
801051050,Ainslie,4.4
801051051,Braddon,6.8
801051053,Civic,4.6
801051054,Dickson,3.3
801051055,Downer,3.9
801051056,Hackett,2.6
801051057,Lyneham,5.5
801051058,O'Connor (ACT),5.4
801051060,Turner,4.4
801051061,Watson,6.4
801051123,Black Mountain,np
801051124,Campbell,4.2
801051125,Duntroon,1.1
801051126,Parkes (ACT) - North,0
801051127,Reid,1.5
801051128,Russell,0
801061062,Deakin,2.5
801061063,Forrest,1.6
801061064,Griffith (ACT),4.9
801061066,Lake Burley Griffin,np
801061067,Narrabundah,5.5
801061068,Parkes (ACT) - South,0
801061069,Red Hill (ACT),2.7
801061070,Yarralumla,2.5
801061129,Barton,1.9
801061130,Fyshwick,0.1
801061131,Kingston (ACT),6.2
801071071,Banks,4.6
801071072,Bonython,3.2
801071073,Calwell,5.1
801071074,Chisholm,4.5
801071075,Conder,4.5
801071076,Fadden,2.5
801071077,Gilmore,2.4
801071078,Gordon (ACT),6.9
801071079,Gowrie (ACT),2.5
801071080,Greenway,3.6
801071081,Isabella Plains,3.7
801071082,Kambah,12.6
801071083,Macarthur,1.2
801071084,Monash,4.2
801071085,Mount Taylor,np
801071086,Oxley (ACT),1.4
801071087,Richardson,2.6
801071088,Theodore,3.5
801071089,Tuggeranong,0
801071090,Wanniassa,6.3
801071132,Tuggeranong - West,0
801081091,Chapman,2.3
801081092,Duffy,2.8
801081093,Fisher,2.5
801081094,Holder,2.2
801081095,Rivett,2.5
801081096,Stirling,1.5
801081097,Waramanga,2.2
801081098,Weston,2.9
801081133,Scrivener,0
801091099,Chifley,2.7
801091100,Curtin,4.8
801091101,Farrer,2.9
801091102,Garran,2.9
801091103,Hughes,2.5
801091104,Isaacs,1.9
801091105,Lyons (ACT),3.2
801091106,Mawson,3.3
801091107,O'Malley,0.8
801091108,Pearce,2.3
801091109,Phillip,5.4
801091110,Torrens,2
801101134,Arboretum,0
801101135,Coombs,4.7
801101136,Denman Prospect,2
801101137,Molonglo,np
801101139,Wright,3.5
801101145,Molonglo - East,np
801101146,Whitlam,0
801111140,ACT - South West,0.5
801111141,Namadgi,0